Complexity,Loss,Equation
1,2.1145375810376346e-6,"0.00015209366671251404"
3,1.9347124066643785e-6,"(x9 * 0.0013625163910418096)"
5,1.9115778159438477e-6,"((x9 * 0.0017130860160881334) - 0.00019123443205056045)"
7,1.8088270087114199e-6,"((0.01552693905111256 * (x25 + x22)) * x21)"
9,1.7436574919407635e-6,"(((x24 / 345.70417434931323) - 0.0004968077130245718) + (x23 * 0.004850770949322847))"
11,1.714786391306436e-6,"((((x24 / 345.70417434931323) - 0.0004968077130245718) + (x27 * 0.004850770949322847)) / 0.728845593114274)"
13,1.6712897566056308e-6,"(((((x24 / 345.70417434931323) / 0.8969253156385296) - 0.0004968077130245718) + (x27 * 0.004850770949322847)) * 1.3093650456767978)"
15,1.5721631126237726e-6,"(((((x24 / 345.70417434931323) - 0.0004968077130245718) + ((x13 * 0.004850770949322847) / 1.1837776644481415)) / -0.5737911405470626) / -0.5737911405470626)"
17,1.3765957255054037e-6,"(((((x24 / 345.70417434931323) / (0.8969253156385296 + -0.1277290611895439)) - 0.0004968077130245718) + (x23 * 0.004850770949322847)) * (1.3093650456767978 / 0.40969278757947236))"
19,1.3298145852940469e-6,"(((((x24 / 345.70417434931323) / (0.8969253156385296 + (-0.1277290611895439 * 1.3093650456767978))) - 0.0004968077130245718) + (x23 * 0.004850770949322847)) * (1.3093650456767978 / 0.40969278757947236))"
