Complexity,Loss,Equation
1,1.7625496075595824e-8,"3.193388749999951e-5"
3,1.1240068302064607e-8,"(x2 * 0.00074219508257045)"
5,1.0259065929002447e-8,"((x12 * 0.0004840552101401385) + 0.0001862353297727229)"
7,1.0071476814557468e-8,"(((x9 + -0.6310973732974986) + x2) * -0.0010685772520203942)"
9,1.0033450968501534e-8,"(((x30 * 0.0008740088276562918) + 0.00032255686856462977) / (1.4290793958697703 - x3))"
11,9.510197565218277e-9,"(((0.0005612704001116267 / (-0.9950091349743084 / x26)) + -0.000203477713838906) / (x25 - 0.7884020852656063))"
